{"cameraMode":{"drawMode":0,"name":"Shaded","section":"Shading Mode"},"sceneLighting":false,"audioPlay":false,"sceneViewState":{"showFog":true,"showMaterialUpdate":true,"showSkybox":false,"showFlares":true,"showImageEffects":true,"showParticleSystems":true},"in2DMode":false,"pivot":{"x":-4.8065690994262699,"y":-0.6298038959503174,"z":4.43608283996582},"rotation":{"x":-0.001551695866510272,"y":0.6958652138710022,"z":0.0035576994996517898,"w":0.7185001373291016},"size":1.2028474807739258,"orthographic":false}