{"cameraMode":{"drawMode":0,"name":"Shaded","section":"Shading Mode"},"sceneLighting":true,"audioPlay":false,"sceneViewState":{"showFog":true,"showMaterialUpdate":true,"showSkybox":false,"showFlares":true,"showImageEffects":true,"showParticleSystems":true},"in2DMode":false,"pivot":{"x":49.155391693115237,"y":14.254432678222657,"z":511.61651611328127},"rotation":{"x":0.17545773088932038,"y":0.5949541330337524,"z":-0.13361331820487977,"w":0.7732223868370056},"size":52.521244049072269,"orthographic":false}