{"cameraMode":{"drawMode":0,"name":"Shaded","section":"Shading Mode"},"sceneLighting":false,"audioPlay":false,"sceneViewState":{"showFog":true,"showMaterialUpdate":true,"showSkybox":false,"showFlares":true,"showImageEffects":true,"showParticleSystems":true},"in2DMode":false,"pivot":{"x":3.090778350830078,"y":59.69118118286133,"z":0.35443878173828127},"rotation":{"x":-0.28594738245010378,"y":0.2063651829957962,"z":-0.06397483497858048,"w":-0.9338080286979675},"size":78.14459991455078,"orthographic":false}