{"cameraMode":{"drawMode":0,"name":"Shaded","section":"Shading Mode"},"sceneLighting":true,"audioPlay":false,"sceneViewState":{"showFog":true,"showMaterialUpdate":true,"showSkybox":false,"showFlares":true,"showImageEffects":true,"showParticleSystems":true},"in2DMode":false,"pivot":{"x":0.6015186309814453,"y":55.76486587524414,"z":487.31365966796877},"rotation":{"x":-0.16253428161144257,"y":-0.5904263257980347,"z":0.12203473597764969,"w":-0.7814664840698242},"size":17.832992553710939,"orthographic":false}