{"cameraMode":{"drawMode":0,"name":"Shaded","section":"Shading Mode"},"sceneLighting":false,"audioPlay":false,"sceneViewState":{"showFog":true,"showMaterialUpdate":true,"showSkybox":false,"showFlares":true,"showImageEffects":true,"showParticleSystems":true},"in2DMode":false,"pivot":{"x":-11.47591781616211,"y":-0.7799999713897705,"z":13.434558868408204},"rotation":{"x":0.19696137309074403,"y":0.6391429305076599,"z":-0.17384959757328034,"w":0.7229294180870056},"size":3.901785135269165,"orthographic":false}